{"cameraMode":{"drawMode":0,"name":"Shaded","section":"Shading Mode"},"sceneLighting":false,"audioPlay":false,"sceneViewState":{"m_AlwaysRefresh":false,"showFog":true,"showSkybox":false,"showFlares":true,"showImageEffects":true,"showParticleSystems":true,"showVisualEffectGraphs":true,"m_FxEnabled":true},"in2DMode":false,"pivot":{"x":2.0762643814086916,"y":-2.6041336059570314,"z":0.13503265380859376},"rotation":{"x":-0.24739834666252137,"y":0.6209167242050171,"z":-0.21581120789051057,"w":-0.7118223309516907},"size":0.8660253882408142,"orthographic":false}